name,type,data,path_col,title_col,separated_cols,include_col,filter_cols,image_col,show_cols,year_start_col,year_end_col,disclaimer,color_col,drawing_info,legend
CSU Instructors,section,"https://docs.google.com/spreadsheets/d/e/2PACX-1vRxOaatHvzjFzZNL2hMrLZGz_VmTezCeKU9wfI6KQfNWyxeRA2R3Xd7XG9QxRFOwg/pub?gid=1162502205&single=true&output=csv,csv",URL,instructor name,,Instructor Assigned,,Image links,"title, instructor name,instructor email,Lab,Profile Page URL,Website URL,Github URL",,,<p>Welcome to the Coding community Map</p>,,,
buildings,overlay,"https://services1.arcgis.com/KNdRU5cN6ENqCTjk/arcgis/rest/services/buildings_geojson/FeatureServer/0/query?where=1%3D1&objectIds=&time=&geometry=&geometryType=esriGeometryEnvelope&inSR=&spatialRel=esriSpatialRelIntersects&resultType=none&distance=0.0&units=esriSRUnit_Meter&relationParam=&returnGeodetic=false&outFields=*&returnGeometry=true&returnCentroid=false&featureEncoding=esriDefault&multipatchOption=xyFootprint&maxAllowableOffset=&geometryPrecision=&outSR=&defaultSR=&datumTransformation=&applyVCSProjection=false&returnIdsOnly=false&returnUniqueIdsOnly=false&returnCountOnly=false&returnExtentOnly=false&returnQueryGeometry=false&returnDistinctValues=false&cacheHint=false&orderByFields=&groupByFieldsForStatistics=&outStatistics=&having=&resultOffset=&resultRecordCount=&returnZ=false&returnM=false&returnExceededLimitFeatures=true&quantizationParameters=&sqlFormat=none&f=pgeojson&token=,geojson",,NAME_LC,,,,,,,,,," {
""renderer"": {
""type"": ""simple"",
""symbol"": {
""type"": ""esriSFS"",
""style"": ""esriSFSSolid"",
""color"": [
40,
167,
69,
150
],
""outline"": {
""type"": ""esriSLS"",
""style"": ""esriSLSSolid"",
""color"": [
40,
167,
69,
255
],
""width"": 1.5
}
}
},
""transparency"": 0,
""labelingInfo"": null
}","{""layers"":[
    {
        ""layerId"": 0,
        ""layerName"": ""CSU Buildings"",
        ""layerType"": ""Feature Layer"",
        ""legend"": [
            {
                ""label"": ""CSU Buildings"",
                ""color"": ""#28A745"",
                ""height"": 20,
                ""width"": 20
            },
          
        ]
    }
]}"